-- phpMyAdmin SQL Dump
-- version 5.0.2
-- https://www.phpmyadmin.net/
--
-- Host: 127.0.0.1
-- Generation Time: Nov 07, 2020 at 06:15 PM
-- Server version: 10.4.13-MariaDB
-- PHP Version: 7.4.8

SET SQL_MODE = "NO_AUTO_VALUE_ON_ZERO";
START TRANSACTION;
SET time_zone = "+00:00";


/*!40101 SET @OLD_CHARACTER_SET_CLIENT=@@CHARACTER_SET_CLIENT */;
/*!40101 SET @OLD_CHARACTER_SET_RESULTS=@@CHARACTER_SET_RESULTS */;
/*!40101 SET @OLD_COLLATION_CONNECTION=@@COLLATION_CONNECTION */;
/*!40101 SET NAMES utf8mb4 */;

--
-- Database: `riksm-project`
--

-- --------------------------------------------------------

--
-- Table structure for table `category`
--

CREATE TABLE `category` (
  `cat_id` int(11) NOT NULL,
  `cat_name` varchar(255) NOT NULL,
  `cat_decs` text DEFAULT NULL,
  `is_parent` int(11) NOT NULL DEFAULT 0,
  `cat_status` int(1) NOT NULL DEFAULT 1
) ENGINE=InnoDB DEFAULT CHARSET=utf8mb4;

--
-- Dumping data for table `category`
--

INSERT INTO `category` (`cat_id`, `cat_name`, `cat_decs`, `is_parent`, `cat_status`) VALUES
(40, 'কোভিড-১৯', 'করোনা ভাইরাসের যাবতীয় আপডেট সংবাদ। ', 0, 1),
(41, 'জাতীয়', 'জাতীয় সকল সংবাদ', 0, 1),
(42, 'রাজনীতি', '', 0, 1),
(43, 'অর্থনীতি', '', 0, 1),
(44, 'আন্তর্জাতিক', '', 0, 1),
(45, 'ধর্ম', '', 0, 1),
(46, 'সাহিত্য', '', 0, 1),
(47, 'খেলা', '', 0, 1),
(51, 'শিক্ষাঙ্গন', '', 0, 1),
(59, 'ইসলাম', '', 45, 1),
(60, 'অন্যান্য (ধর্ম)', '', 45, 1),
(61, 'ক্রিকেট', '', 47, 1),
(62, 'ফুটবল', '', 47, 1),
(63, 'অন্যান্য (খেলা) ', '', 47, 1);

-- --------------------------------------------------------

--
-- Table structure for table `comments`
--

CREATE TABLE `comments` (
  `cmt_id` int(11) NOT NULL,
  `cmt_desc` text NOT NULL,
  `cmt_post_id` int(11) NOT NULL,
  `cmt_author` varchar(255) NOT NULL,
  `cmt_author_email` varchar(255) NOT NULL,
  `cmt_status` int(1) NOT NULL COMMENT '1-Active, 2-Inactive',
  `cmt_date` date NOT NULL
) ENGINE=InnoDB DEFAULT CHARSET=utf8mb4;

--
-- Dumping data for table `comments`
--

INSERT INTO `comments` (`cmt_id`, `cmt_desc`, `cmt_post_id`, `cmt_author`, `cmt_author_email`, `cmt_status`, `cmt_date`) VALUES
(2, 'First comment test.', 17, 'Mr. Test', 'mr.test@gmail.com', 3, '2020-11-06'),
(3, 'Congratulations!!', 1, 'Mrs. Salauddin', 'mrs.salauddin@gmail.com', 3, '2020-11-06'),
(4, 'Just check comments, post title, status, author name, email and comments date.', 10, 'check', 'check@gmail.com', 3, '2020-11-06'),
(5, 'Just Toaster test.', 16, 'robot', 'robot@gmail.com', 3, '2020-11-06'),
(6, 'hihihi Ya YU Ping nice name. hi hi hi', 17, 'Ya Yu PIng', 'justtest@gmail.com', 3, '2020-11-06'),
(7, 'Nice Post. Many many thanks.', 16, 'Mr. Karim', 'karim@gmail.com', 3, '2020-11-06'),
(8, 'Helpfully Post.', 14, 'Ibn Zarir', 'zarir@gmail.com', 3, '2020-11-06'),
(9, 'শুভ কামনা রইলো। আরো অনেক অনেক এগিয়ে যাও।', 26, 'Md. Abir', 'abri@gmail.com', 1, '2020-11-07'),
(10, 'Ei holo amader desher obosta.', 59, 'Azizur Rahman', 'aziz@gmail.com', 1, '2020-11-07');

-- --------------------------------------------------------

--
-- Table structure for table `post`
--

CREATE TABLE `post` (
  `post_id` int(11) NOT NULL,
  `title` varchar(255) NOT NULL,
  `description` text NOT NULL,
  `image` text NOT NULL,
  `category_id` int(11) NOT NULL,
  `author_id` int(11) NOT NULL,
  `status` int(1) NOT NULL COMMENT '1-Active, 2-Inactive',
  `meta` varchar(255) NOT NULL,
  `post_date` date NOT NULL
) ENGINE=InnoDB DEFAULT CHARSET=utf8mb4;

--
-- Dumping data for table `post`
--

INSERT INTO `post` (`post_id`, `title`, `description`, `image`, `category_id`, `author_id`, `status`, `meta`, `post_date`) VALUES
(26, 'বুকের শহর খালি: কবিতায় রঙিণ পালক', '<p>জুনায়েদুর রহমান: কবিতাকে যদি পাখি বলে আখ্যায়িত করি তবে ভুল হবে না। কারণ কবিতা মুক্ত, কবিতা স্বাধীন। যা আমরা সরাসরি বলতে পারিনা তাই বলা হয় ছন্দে, কবিতায়। সেই কবিতায় নিঃসন্দেহে রঙিণ একটি পালকের সংযোজন হচ্ছে বুকের শহর খালি গ্রন্থটি।</p>\r\n\r\n<p>&nbsp;</p>\r\n\r\n<p>তরুণ লেখক সালাউদ্দিন শাহরিয়া এর লেখা প্রথম এ কাব্যগ্রন্থ এবারের অমর একুশে বইমেলায় প্রকাশিত হয়েছে। গ্রন্থটিতে মোট ৪০টি কবিতার সন্নিবেশ। যেখানে লেখক তার কবিতার মাধ্যমে সমাজ পরিবর্তন সহ সমাজের নানান অসঙ্গতি তুলে ধরেছেন সুনিপুণভাবে। তার কবিতায় যেমন রয়েছে প্রেম-বিরহ তেমনি একই সাথে উচ্চারিত হয়েছে স্বাধীনতা, মানবতাবাদ এবং ইসলামের কথা।</p>\r\n\r\n<p>ফুল বাগানে কবিতায় কবি বলেছেন,<br />\r\nফুলকে শুধু ফুল বলো না মন যে বলো তাকে<br />\r\n&lsquo;বুকের শহর খালি&rsquo; থাকলে ফুল ভালো রাখে।</p>\r\n\r\n<p>গ্রন্থটিতে কবি তার প্রিয়তমাকে উদ্দেশ্য করে বলেছেন,<br />\r\nতুমি আমার ভালোবাসা<br />\r\nতুমি আমার ঘর<br />\r\nসারাজীবন করবো আমি<br />\r\nতোমায় যে আদর।</p>\r\n\r\n<p>বইপড়ার প্রতি গুরুত্বারূপ করে কবির চমৎকার উক্তি,<br />\r\nসত্যিকারের ন্যায় অন্যায়<br />\r\nজানতে যদি চাও<br />\r\nহাজার হাজার বইকে তুমি<br />\r\nপড়তে সময় দাও।</p>\r\n\r\n<p>কবিতায় বিদ্রোহের কথাও কবি বলেছেন এভাবে,<br />\r\nবের হও কবিতায়<br />\r\nবের হও কলম হাতে নিয়ে যুদ্ধ করতে ময়দানে,<br />\r\nহাজারো ঘুমন্ত বিবেক জাগবে তোমার লেখা গানে।</p>\r\n\r\n<p>সিলেট প্রফেশনাল ইন্সটিটিউট- এর কম্পিউটার ইঞ্জিনিয়ারিংয়ের এ শিক্ষার্থীর লেখালেখিতে হাতেখড়ি হয় স্কুল জীবনেই। সাম্প্রতিক সময়ে স্থানীয়, জাতীয় দৈনিক এবং সাময়িকীতে তার লেখা প্রকাশিত হচ্ছে নিয়মিত। তরুণ এ লেখকের জন্ম ১৯৯৯ সালের ১লা জানুয়ারি সিলেটের কানাইঘাট উপজেলাধীন ৫নং বড়চতুল ইউনিয়নের দূর্গাপুর গ্রামে। তাঁর পিতা মো: ইয়াহিয়া এবং মাতা রাজিয়া বেগম। পরিবারে ২ ভাই ও ২ বোনের মধ্যে সালাউদ্দিন শাহরিয়া সর্বকনিষ্ঠ।</p>\r\n\r\n<p>বুকের শহর খালি গ্রন্থটি খুলনা ও চট্টগ্রাম বইমেলায় পাওয়া যাচ্ছে পাপড়ি প্রকাশ ও সিলেটে পায়রা প্রকাশ&rsquo;র স্টলে। এছাড়া ঢাকায় ৩৩৭ (পায়রা প্রকাশ) ও ৪৪২ (পাতা প্রকাশনী) নং স্টলে। অনলাইনে ঘরে বসে বইটি পেতে পারেন rokomari.com (রকমারি)-তে অর্ডার করে।</p>\r\n\r\n<p>আমি প্রত্যাশা করছি, সালাউদ্দিন শাহরিয়া এর বুকের শহর খালি গ্রন্থটি ব্যাপক পাঠকপ্রিয়তা অর্জন করবে। কবির জন্য আকাশসম ভালোবাসা।</p>\r\n\r\n<p>লেখক: সম্পাদক, ত্রৈমাসিক নক্ষত্র</p>\r\n', '539837_52120170_2389207984691928_369912854461022208_n.jpg', 46, 1, 1, 'বুকের_শহর_খালি বই', '2020-11-07'),
(47, 'করোনা ভাইরাস: চব্বিশ ঘণ্টায় আরও ২৫ জনের মৃত্যু বাংলাদেশে', '<p><strong>বাংলাদেশে করোনাভাইরাসে আক্রান্ত হয়ে গত ২৪ ঘণ্টায় ২৫ জনের মৃত্যু হয়েছে বলে স্বাস্থ্য অধিদপ্তর জানিয়েছে।</strong></p>\r\n\r\n<p>এছাড়া গত ২৪ ঘণ্টায় নতুন করে আরও ১,৭০৬ জন কোভিড-১৯ রোগী শনাক্ত হয়েছেন।</p>\r\n\r\n<p>এ নিয়ে ভাইরাসটিতে আক্রান্ত হয়ে মোট ৫,৯৬৬ জনের মৃত্যু হল।</p>\r\n\r\n<p>এখন পর্যন্ত বাংলাদেশে করোনাভাইরাসে আক্রান্ত হিসেবে শনাক্ত হলেন মোট ৪ লাখ ১০ হাজার ৯৮৮ জন।</p>\r\n\r\n<p>স্বাস্থ্য অধিদপ্তরের দেয়া সংবাদ বিজ্ঞপ্তিতে এসব তথ্য জানানো হয়েছে।</p>\r\n\r\n<p>স্বাস্থ্য অধিদপ্তরের তথ্য অনুযায়ী, দেশে করোনাভাইরাস থেকে সুস্থতার হার বাড়ছে। গত ২৪ ঘণ্টায় বাংলাদেশে কোভিড-১৯ রোগ থেকে সুস্থ হয়েছেন ১,৯৬১ জন।</p>\r\n\r\n<p>বাংলাদেশে এ পর্যন্ত কোভিড-১৯ থেকে মোট সুস্থ মানুষের সংখ্যা ৩ লাখ ২৭ হাজার ৯০১ জন।</p>\r\n\r\n<p>গত ২৪ ঘণ্টায় ১২, ৮৯১ জনের নমুনা পরীক্ষা করা হয়েছে। এখন পর্যন্ত দেশটিতে মোট নমুনা পরীক্ষা হয়েছে ২৩ লাখ ৬১ হাজার ৭০২ জনের।</p>\r\n\r\n<p>গত ২৪ ঘণ্টায় পরীক্ষা করা নমুনার ১৩.৫৭ শতাংশের মধ্যে করোনাভাইরাস শনাক্ত হয়েছে। আর এখন পর্যন্ত পরীক্ষা করা নমুনার মধ্যে ১৭.৪০ শতাংশের মধ্যে এই ভাইরাস শনাক্ত হয়েছে।</p>\r\n\r\n<p>২৪ ঘণ্টায় যারা মারা গেছেন তাদের মধ্যে ২০ জন পুরুষ ও ৫ জন নারী।</p>\r\n', '34012__114956328_1deb96c8-16f2-4fd2-8e11-cae95cc1dc56.jpg', 40, 1, 1, 'করোনা আক্রান্ত', '2020-11-07'),
(48, 'বেনাপোল স্থলবন্দরে ‘করোনা ভাইরাস’ আতঙ্কে সতর্কতা জারি', '<p>চীনসহ বেশ কয়েকটি দেশে &lsquo;করোনা ভাইরাস&rsquo; সংক্রমণের ফলে আতঙ্ক তৈরি হয়েছে। এখন পর্যন্ত ১৭ জনের মৃত্যুর খবর পাওয়া গেছে। আক্রান্তের সংখ্যা পাঁচ শতাধিক। ইতিমধ্যে সতর্কতা জারি করেছে বিশ্ব স্বাস্থ্য সংস্থা। করোনা ভাইরাসের বিষয়ে এরইমধ্যে ঢাকা শাহজালাল আন্তর্জাতিক বিমানবন্দরে কড়া সতর্কতা অবলম্বন করা হয়েছে।&nbsp; সতর্কতা নেওয়া হয়েছে দেশের বৃহত্তর স্থলবন্দর বেনাপোলেও।</p>\r\n\r\n<p>শনিবার সকাল থেকে বেনাপোল স্থলবন্দর দিয়ে ভারত থেকে আসা বিদেশি নাগরিকদের স্বাস্থ্য পরীক্ষা শুরু করেছেন স্বাস্থ্যকর্মীরা। আইরিশ ১ জন, অস্ট্রেলিয়ার ৪ জন, কানাডার ২ ও আমেরিকার একজনসহ মোট ৮ বিদেশিকে করোনা ভাইরাস পরীক্ষা করেন বেনাপোল ইমিগ্রেশনে দায়িত্বরত স্বাস্থ্য বিভাগের কর্মকর্তা ডা. হাসানুজ্জামান।</p>\r\n', '308890_image-271280-1579959993.jpg', 40, 1, 1, 'ভাইরাস', '2020-11-07'),
(49, 'শঙ্কা কাটাতে অ্যান্টিজেন পরীক্ষা জরুরি', '<p>দেশে করোনার পাশাপাশি শীতজনিত রোগের প্রকোপও দেখা দিচ্ছে। মৌসুমের শুরুতেই বয়স্ক এবং শিশুদের মাঝে রোগ দুটি ধীরে ধীরে বাড়ছে। উভয় রোগের লক্ষণ ও উপসর্গ কাছাকাছি। ফলে আক্রান্ত রোগীদের চিকিৎসায় জটিলতা সৃষ্টির আশঙ্কা আছে।</p>\r\n\r\n<p>এক্ষেত্রে তাদের প্রাতিষ্ঠানিক চিকিৎসার জন্য কোভিড-১৯ পরীক্ষা করতে হবে। এজন্য সময় ও ব্যয় কমাতে সারা দেশে দ্রুত অ্যান্টিজেন পরীক্ষা শুরু করা প্রয়োজন বলে মত দিয়েছেন বিশেষজ্ঞরা। পাশাপাশি তারা উভয় রোগ থেকে রক্ষায় সবাইকে স্বাস্থ্যবিধি মেনে চলার পরামর্শ দিয়েছেন।</p>\r\n\r\n<p>নয় মাসের বেশি সময় ধরে দেশে করোনা মহামারী অবস্থা বিরাজ করছে। দেশের বিভিন্ন জেলায় এরই মধ্যে শীত চলে এসেছে।</p>\r\n', '593692_image-362132-1604690151.jpg', 41, 1, 1, 'জাতীয়', '2020-11-07'),
(50, 'নৌবাহিনীর ৫টি আধুনিক জাহাজ কমিশনিং করলেন প্রধানমন্ত্রী', '<p>প্রধানমন্ত্রী শেখ হাসিনা নৌবাহিনীর যুদ্ধজাহাজসহ নতুন পাঁচটি আধুনিক জাহাজ কমিশনিং করেছেন।</p>\r\n\r\n<p>&nbsp;</p>\r\n\r\n<p>এ সময় তিনি বলেছেন, &lsquo;আজ বাংলাদেশ নৌবাহিনী তার ক্রমাগত অগ্রযাত্রায় আরও এক ধাপ এগিয়ে গেল। দিনটি শুধু বাংলাদেশ নৌবাহিনীর জন্য নয়, সমগ্র দেশ ও জাতির জন্য অত্যন্ত গৌরবের।&rsquo;</p>\r\n\r\n<p>এই কমিশনিংয়ের ফলে বাংলাদেশের জলসীমা সুরক্ষায় এবং নৌবাহিনীর সক্ষমতা বৃদ্ধি করে অপারেশনাল কার্যক্রম শুরু করল।</p>\r\n\r\n<p>&nbsp;নতুন দুটি আধুনিক ফ্রিগেট বানৌজা ওমর ফারুক, আবু উবাইদাহ ও একটি করভেট যুদ্ধজাহাজ প্রত্যাশা এবং দুটি জরিপ জাহাজ বানৌজা দর্শক ও তল্লাশি।</p>\r\n\r\n<p>প্রধানমন্ত্রী বৃহস্পতিবার সকালে গণভবন থেকে ভিডিও কনফারেন্সের মাধ্যমে জাহাজগুলোকে নৌবাহিনীতে কমিশনিং করেন।</p>\r\n\r\n<p>এর আগে চট্টগ্রামে বানৌজা ঈসা খাঁ নৌ-জেটিতে প্রধানমন্ত্রীর পক্ষে নৌবাহিনীপ্রধান অ্যাডমিরাল এম শাহীন ইকবাল জাহাজসমূহের অধিনায়কগণের হাতে কমিশনিং ফরমান তুলে দেন। পরে প্রধানমন্ত্রী নৌবাহিনীর রীতি অনুযায়ী আনুষ্ঠানিকভাবে নামফলক উন্মোচন করেন।</p>\r\n\r\n<p>অনুষ্ঠানে নৌবাহিনীর একটি সুসজ্জিত চৌকষ দল গার্ড অব অনারও প্রদান করেন।<br />\r\n&nbsp;<br />\r\nপ্রধানমন্ত্রী এ সময় তার ভাষণে বলেন, &lsquo;আধুনিক সমরাস্ত্র সজ্জ্বিত দুটি ফ্রিগেট ও একটি অত্যাধুনিক করভেট এবং আমাদের নিজস্ব খুলনা শিপইয়ার্ডে তৈরি দুটি আধুনিক জরিপ জাহাজ বাংলাদেশের সার্বভৌমত্ব রক্ষায় নৌবাহিনীর ক্ষমতাকে আরও জোরদার করবে এটিই আমাদের দৃঢ় বিশ্বাস।&rsquo;</p>\r\n\r\n<p>&lsquo;ফোর্সেস গোল ২০৩০-এর আলোকে নৌবাহিনীর উন্নয়ন কার্যক্রমে বর্তমান সরকার সবসময় আন্তরিক ও প্রতিশ্রুতিবদ্ধ&rsquo;, বলেন প্রধানমন্ত্রী।&nbsp;</p>\r\n\r\n<p>সদ্য সংযোজিত হওয়া নৌবাহিনীর দুটি ফ্রিগেট &lsquo;ওমর ফারুক&rsquo; ও &lsquo;আবু উবাইদাহ&rsquo;র দৈর্ঘ্য প্রতিটির ১১২ মিটার ও প্রস্থ ১২ দশমিক ৪ মিটার এবং করভেট যুদ্ধজাহাজ বানৌজা প্রত্যাশার দৈর্ঘ্য ৯০ মিটার ও প্রস্থ ১১ দশমিক ১৪ মিটার।</p>\r\n\r\n<p>যুদ্ধজাহাজগুলো ঘণ্টায় সর্বোচ্চ ২৫ নটিক্যাল মাইল বেগে চলতে সক্ষম এবং এতে শত্রু বিমান, জাহাজ এবং স্থাপনায় আঘাত হানতে সক্ষম আধুনিক প্রযুক্তি সম্পন্ন কামান, ভূমি থেকে আকাশে এবং ভূমি থেকে ভূমিতে উৎক্ষেপণযোগ্য মিসাইল, অত্যাধুনিক থ্রিডি রাডার, ফায়ার কন্ট্রোল সিস্টেম, রাডার জ্যামিং সিস্টেমসহ বিভিন্ন ধরনের যুদ্ধ সরঞ্জামাদিতে সুসজ্জিত।</p>\r\n', '718417_image-361709-1604569925.jpg', 41, 1, 1, 'প্রধানমন্ত্রী', '2020-11-07'),
(52, 'বিএনপি ক্ষমতায় যেতে চোরাগলি খোঁজে: ওবায়দুল কাদের', '<p>আওয়ামী লীগের সাধারণ সম্পাদক এবং সড়ক পরিবহন ও সেতুমন্ত্রী ওবায়দুল কাদের বলেছেন, দেশের মানুষ জিম্মি নয়, বরং দেশের মানুষ এখন ঐক্যবদ্ধ হাওয়া ভবনতন্ত্রের জুলুম ও মিথ্যাচারের বিরুদ্ধে। মির্জা ফখরুল রাজনীতির কারণে যা বলেন, তা তিনি নিজেও বিশ্বাস করেন না বলে জনমনেও সংশয় রয়েছে।</p>\r\n\r\n<p>&nbsp;</p>\r\n\r\n<p>বিএনপি মহাসচিবের মিথ্যা ও অসংলগ্ন বক্তব্যের জবাবে ওবায়দুল কাদের শুক্রবার সকালে তার সরকারি বাসভবনে ব্রিফিংকালে এসব কথা বলেছেন।&nbsp;</p>\r\n\r\n<p>ওবায়দুল কাদের বলেন, বিএনপি মহাসচিব অভিযোগ করেছেন সরকার না কি জনগণকে জিম্মি করে দেশকে অন্ধকারের দিকে ঠেলে দিচ্ছে&ndash; তার এমন অভিযোগের জবাবে ওবায়দুল কাদের বলেন, বিএনপি বরাবরের মতো সরকারের বিরুদ্ধে অবিরাম অসত্য অভিযোগের তীর ছুড়ে যাচ্ছে।&nbsp;</p>\r\n\r\n<p>তিনি বলেন, বিএনপি দেশের অগ্রগতি ও সমৃদ্ধি দেখতে পায় না বলেই সরকারের কোনো অর্জন তাদের চোখে পড়ে না।</p>\r\n\r\n<p>শেখ হাসিনার সুদক্ষ নেতৃত্বে বাংলাদেশের অর্জনের গল্প বিশ্বের প্রতিটি প্রান্তে যখন প্রশংসিত, তখনও বিএনপি অন্ধকার দেখে উল্লেখ করে আওয়ামী লীগের সাধারণ সম্পাদক বলেন, যাদের দেখার চোখ নেই, তারা তো চারদিকে অন্ধকার দেখবেই।</p>\r\n\r\n<p>তিনি বলেন, বিএনপির দৃষ্টিসীমা ঘন কুয়াশায় আচ্ছন্ন, তাই তারা ক্ষমতায় যেতে অন্ধকারের চোরাগলি খোঁজে।</p>\r\n\r\n<p>দেশের মানুষ ভালো আছেন বলেই শেখ হাসিনার নেতৃত্বের ওপর তাদের আস্থা দিন দিন সুদৃঢ় হচ্ছে জানিয়ে ওবায়দুল কাদের বলেন, তৃণমূলসহ দেশের মানুষকে উন্নতর জীবন দেয়াই শেখ হাসিনার লক্ষ্য।&nbsp;</p>\r\n', '816155_image-362060-1604655559.jpg', 42, 1, 1, 'ওবায়দুল_কাদের', '2020-11-07'),
(53, 'কারও ধর্মীয় বিশ্বাসে আঘাত হানা যাবে না: ওবায়দুল কাদের', '<p>কারও ধর্মীয় বিশ্বাসে আঘাত হেনে কিছু না লেখার আহ্বান জানিয়েছেন আওয়ামী লীগের সাধারণ সম্পাদক ও সড়ক পরিবহন এবং সেতুমন্ত্রী ওবায়দুল কাদের। তিনি বসামাজিক যোগাযোগমাধ্যমে গুজবের বিষয়ে সবাইকে সচেতন থাকার আহ্বান জানিয়েছেন।</p>\r\n\r\n<p>&nbsp;</p>\r\n\r\n<p>ওবায়দুল কাদের বলেছেন, আমরা ঐতিহ্যগত সব ধর্মের মানুষের সঙ্গে বন্ধুত্বপূর্ণ সহাবস্থান করছি। &nbsp;কারও ধর্মীয় বিশ্বাসে আঘাত হানা যাবে না।&nbsp;</p>\r\n\r\n<p>বুধবার সংসদ ভবন এলাকায় নিজের সরকারি বাসভবন থেকে এক ভার্চুয়াল সংবাদ সম্মেলনে তিনি এ আহ্বান জানান।</p>\r\n\r\n<p>ওবায়দুল কাদের বলেন, আমরা গভীর উদ্বেগের সঙ্গে লক্ষ্য করেছি- সম্প্রতি ধর্মীয় ইস্যুসহ নানান ইস্যুতে সামাজিক যোগাযোগমাধ্যমে একটি মতলবি-মহল উদ্দেশ্যমূলক গুজব ছড়াচ্ছে, রাষ্ট্র ও সরকারের বিরুদ্ধে অপপ্রচার চালাচ্ছে। &nbsp;তারা সামাজিক শান্তি, স্বস্তি এবং আমাদের ঐতিহ্যগত সব ধর্মের মানুষের বন্ধুত্বপূর্ণ সহাবস্থান নষ্ট করতে চায়। &nbsp;এসব মিথ্যা প্রচারণা নিঃসন্দেহে শাস্তিযোগ্য অপরাধ।</p>\r\n\r\n<p>মন্ত্রী বলেন, সম্প্রতি লালমনিরহাটের পাটগ্রাম এবং কুমিল্লার মুরাদনগরে দুটি ঘটনা অত্যন্ত দুঃখজনক। আমাদের প্রতিটি ধর্মের প্রতি শ্রদ্ধাশীল হতে হবে। হতে হবে পরধর্ম সহিষ্ণু। কেউ কারও ধর্মবিশ্বাসে আঘাত করে বা কটাক্ষ করে পোস্ট দেয়া প্রত্যাশিত নয়। &nbsp;এ ধরনের উসকানিমূলক পোস্ট শাস্তিযোগ্য অপরাধ।</p>\r\n', '555941_image-361416-1604491722.jpg', 42, 1, 1, 'ধর্মীয়_বিশ্বাস', '2020-11-07'),
(54, 'কমিউনিটি ব্যাংককে দেশের সেরা ব্যাংকে পরিণত করার প্রত্যয় আইজিপির', '<p>কমিউনিটি ব্যাংক বাংলাদেশ লিমিটেডকে প্রাইভেট সেক্টরে দেশের সেরা ব্যাংক এবং দক্ষিণ এশিয়ার সেরা ব্যাংকে পরিণত করার প্রত্যয় ব্যক্ত করেছেন ইন্সপেক্টর জেনারেল অব পুলিশ (আইজিপি) ও ব্যাংকের চেয়ারম্যান ড. বেনজীর আহমেদ বিপিএম (বার)।</p>\r\n\r\n<p>&nbsp;</p>\r\n\r\n<p>তিনি বৃহস্পতিবার বিকালে পুলিশ হেডকোয়ার্টার্সের সম্মেলন কক্ষ শাপলায় ডিজিটাল প্লাটফর্মে দেশের বিভিন্ন স্থানে ব্যাংকের ৭টি শাখা উদ্বোধনকালে প্রধান অতিথির বক্তৃতায় এ আশাবাদ ব্যক্ত করেন।</p>\r\n\r\n<p>ড. আহমেদ বলেন, এই ব্যাংক শুধুমাত্র পুলিশের ব্যাংক নয়, দেশের সাধারণ মানুষের ব্যাংক, সকলের ব্যাংক। এ লক্ষ্যেই ব্যাংকের নামকরণ করা হয়েছে &#39;কমিউনিটি ব্যাংক&#39;। আমানতকারী ও ব্যবসায়ীদের উদ্দেশ্যে তিনি বলেন, আপনারা কমিউনিটি ব্যাংকের সঙ্গে আস্থা নিয়ে ব্যবসা করতে পারেন। আপনাদের আমানত সুরক্ষিত থাকবে।</p>\r\n\r\n<p>ব্যাংকারদের উদ্দেশ্যে তিনি বলেন, কাস্টমারদের সঙ্গে আচরণ, সার্ভিস ডেলিভারিসহ সব ক্ষেত্রে আপনাদেরকে স্মার্ট হতে হবে। আমানতকারী ক্ষুদ্র বা বড় যেই হোক না কেন সবার সঙ্গে সমান আচরণ করতে হবে, যেন মানুষ কমিউনিটি ব্যাংকে প্রবেশ করেই বুঝতে পারে এটি একটি বিশেষ বৈশিষ্ট্য সম্পন্ন স্বতন্ত্র ব্যাংক।</p>\r\n\r\n<p>করোনার প্রসঙ্গ টেনে আইজিপি বলেন, কোভিড আক্রান্ত হয়ে যখন বিশ্বের অনেক বাঘা অর্থনীতি মুখ থুবড়ে পড়েছে, সেখানে মাননীয় প্রধানমন্ত্রী শেখ হাসিনার দূরদর্শী নেতৃত্ব ও প্রজ্ঞায় বাংলাদেশ দ্রুত এগিয়ে যাচ্ছে।</p>\r\n\r\n<p>পরে তিনি একটি সুইচ টিপে ডিজিটালি ব্যাংকের শাখাসমূহ উদ্বোধন করেন। এ উপলক্ষে একটি কেক কাটা হয়।</p>\r\n\r\n<p>ব্যাংকের শাখা প্রান্তে স্থানীয় জনপ্রতিনিধি, ব্যবসায়ী সম্প্রদায়ের নেতৃবৃন্দ, স্থানীয় গণ্যমান্য ব্যক্তিবর্গ এবং ঊর্ধ্বতন পুলিশ কর্মকর্তারা উপস্থিত ছিলেন।</p>\r\n', '533729_image-361759-1604588486.jpg', 43, 1, 1, 'অর্থনীতি', '2020-11-07'),
(55, 'অগ্রণী ব্যাংকে স্বয়ংক্রিয় চালান পদ্ধতি উদ্বোধন', '<p>সরকারি কোষাগারে সহজে যে কোনো ধরনের চালান জমা দেয়ার জন্য অগ্রণী ব্যাংকে স্বয়ংক্রিয় চালান পদ্ধতির (Automated Challan System) উদ্বোধন করা হয়।&nbsp;</p>\r\n\r\n<p>স্বয়ংক্রিয় চালান পদ্ধতির উদ্বোধন করেন অগ্রণী ব্যাংক লিমিটেডের ব্যবস্থাপনা পরিচালক এবং সিইও মোহম্মদ শামস-উল ইসলাম।</p>\r\n\r\n<p>এ সময় বিশেষ অতিথি হিসেবে উপস্থিত ছিলেন মোহাম্মদ সাইফুল ইসলাম যুগ্ম সচিব, প্রোগ্রাম এক্সিকিউটিভ অ্যান্ড কো-অর্ডিনেটর, BACS &amp; iBAS++ Scheme, অর্থ মন্ত্রণালয়, একেএম মুখলেছুর রহমান, যুগ্ম পরিচালক বাংলাদেশ ব্যাংক এবং সিনিয়র ফাংশনাল কনসালটেন্ট, BACS &amp; iBAS++ Scheme, অর্থ মন্ত্রণালয়।</p>\r\n', '67177_image-361466-1604502913.jpg', 43, 1, 1, 'অগ্রণী_ব্যাংক', '2020-11-07'),
(56, 'আদালতে গড়িয়েছিল আরও দুই নির্বাচন', '<p>আপাতদৃষ্টে মনে হচ্ছে ট্রাম্পই আদালতে নিয়ে যাচ্ছেন মার্কিন নির্বাচনকে। কিন্তু না। এবারই প্রথম নয়, এর আগে আরও দু&rsquo;বার মার্কিন প্রেসিডেন্ট নির্বাচনের চূড়ান্ত নিষ্পত্তির জন্য আদালতের দ্বারস্থ হতে হয়েছিল প্রার্থীদের। দেখে নেয়া যাক সে দুটি নির্বাচনের আদ্যোপান্ত। দ্য কনভারসেশন।</p>\r\n\r\n<p><strong>বুশ-আল গোর সুপ্রিমকোর্টে (২০০০) :&nbsp;</strong>রিপাবলিকান প্রেসিডেন্ট প্রার্থী জর্জ ডব্লিউ বুশ ও ডেমোক্র্যাট প্রার্থী আল গোরের মধ্যে তীব্র প্রতিযোগিতা হয়। প্রায় সব রাজ্যে হাড্ডাহাড্ডি লড়াইয়ের পর নির্বাচনের জয়-পরাজয় নিশ্চিত করার জন্য নির্ভরশীল হয়ে ওঠে ফ্লোরিডা অঙ্গরাজ্য। এই অঙ্গরাজ্যে তখন বুশের ভাই জেব বুশ ছিলেন গভর্নর। তখন অনেক রাজ্যে পাঞ্চকার্ড ব্যালটের প্রচলন ছিল। ফ্লোরিডায় এই ভোট গণনা নিয়ে দ্বন্দ্ব দেখা দেয়।</p>\r\n', '718075_image-362136-1604691534.jpg', 44, 1, 1, 'ট্রাম্প', '2020-11-07'),
(57, 'পাকিস্তানের টি-টোয়েন্টি দল থেকে বাদ ইমাম-আবিদ', '<p>বাজে পারফরম্যান্সের কারণে জিম্বাবুয়ের বিপক্ষে তিন ম্যাচের টি-টোয়েন্টি সিরিজের দলে জায়গা হয়নি দুই ওপেনার ইমাম-উল-হক, আবিদ আলী ও মিডল অর্ডার ব্যাটসম্যান হারিস সোহেলের। &nbsp;</p>\r\n\r\n<p>&nbsp;</p>\r\n\r\n<p>জিম্বাবুয়ের বিপক্ষে দ্বিপাক্ষিক সিরিজের জন্য ঘোষিত ২২ সদস্যের স্কোয়াড থেকে তিন খেলোয়াড়কে বাদ দিয়েছে পাকিস্তান ক্রিকেট বোর্ড (পিসিবি)। ফলে এ সিরিজে ১৯ সদস্যের স্কোয়াড থেকেই মূল একাদশ বেছে নিতে হবে স্বাগতিকদের।</p>\r\n\r\n<p>তিন ম্যাচের ওয়ানডে সিরিজে ২-১ ব্যবধানে জয় পেয়েছে পাকিস্তান। তবে ওয়ানডে সিরিজের পর টি-টোয়েন্টি স্কোয়াড থেকে তিন খেলোয়াড়কে বাদ দেয় পিসিবি।&nbsp;</p>\r\n\r\n<p>পাকিস্তানের সংবাদমাধ্যমের রিপোর্ট অনুযায়ী, হারিস ছিটকে গেছেন ইনজুরির কারণে। আর বাকি দুই খেলোয়াড় প্রত্যাশা পূরণে ব্যর্থ হওয়ায় বাদ পড়েছেন। যদিও সিরিজের প্রথম ম্যাচে ফিফটি হাঁকিয়েছিলেন ইমাম এবং একই ম্যাচের সর্বোচ্চ স্কোরার ছিলেন হারিস।</p>\r\n\r\n<p>এর আগে জিম্বাবুয়ে সিরিজের জন্য ঘোষিত ২২ সদস্যের স্কোয়াডে সরফরাজ আহমেদ, শোয়েব মালিক এবং মোহাম্মদ আমিরের মতো অভিজ্ঞ ক্রিকেটারদের রাখেননি পাকিস্তানের নির্বাচকরা। আর ডাক পেয়েছিলেন অভিষেকের অপেক্ষায় থাকা আবদুল্লাহ শফিক। ঘরোয়া টি-টোয়েন্টি কাপে দুর্দান্ত ফর্মে ছিলেন সেন্ট্রাল পাঞ্জাবের হয়ে খেলা এই টপঅর্ডার ব্যাটসম্যান। রাওয়ালপিন্ডিতে শনিবার সিরিজের প্রথম টি-টোয়েন্টি।&nbsp;</p>\r\n', '281844_image-362124-1604681701.jpg', 61, 1, 1, 'টি-টোয়েন্টি', '2020-11-07'),
(58, 'আশরাফুল-শাহরিয়ার-কাপালি-রাজ্জাকরা থাকছেন টি-টোয়েন্টি টুর্নামেন্টে', '<p>দেশের অভিজ্ঞ ও তরুণ ক্রিকেটারদের সমন্বয়ে ছয় দলের বঙ্গবন্ধু টি-টোয়েন্টি টুর্নামেন্ট আয়োজন করতে যাচ্ছে বাংলাদেশ ক্রিকেট বোর্ড (বিসিবি)। সেই টুর্নামেন্টকে সামনে রেখে জাতীয় দল ও হাই-পারফরম্যান্স দলের বাইরে থাকা ক্রিকেটারদের মধ্য থেকে ১১৩ জনের ফিটনেস পরীক্ষা নেবে বিসিবি।</p>\r\n\r\n<p>বিসিবির এ ফিটনেস টেস্টে থাকছেন আইসিসির নিষেধাজ্ঞা থেকে ফেরা অলরাউন্ডার সাকিব আল হাসান, জাতীয় দলে &lsquo;সাবেক&rsquo; হয়ে যাওয়া মোহাম্মদ আশরাফুল, শাহরিয়ার নাফীস, অলক কাপালি ও আব্দুর রাজ্জাকের মতো অভিজ্ঞরা।</p>\r\n\r\n<p>তবে বিসিবির এ তালিকায় নেই জাতীয় দলের সদ্য সাবেক হওয়া অধিনায়ক মাশরাফি বিন মুর্তজা। তিনি হ্যামস্ট্রিংয়ের চোটে রয়েছেন। যে কারণে নড়াইল-২ আসন থেকে নির্বাচিত এই সংসদ সদস্যকে রাখা হয়নি টি-টোয়োন্টি টুর্নামেন্টের ফিটনেস টেস্টে।&nbsp;</p>\r\n', '671174_image-362083-1604669443.jpg', 61, 1, 1, 'খেলা', '2020-11-07'),
(59, 'কেন্দ্রীয় শহীদ মিনারে প্রকাশ্যে মদপান, আটক ৩', '<p>ঢাকা বিশ্ববিদ্যালয়ে (ঢাবি) অবস্থিত কেন্দ্রীয় শহীদ মিনারের সামনে প্রকাশ্যে মদপানরত অবস্থায় তিন ব্যক্তিকে আটক করা হয়েছে। &nbsp;বৃহস্পতিবার দিবাগত রাতে ঢাবি কর্তৃপক্ষ তাদের আটক করে শাহবাগ থানায় সোপর্দ করে।&nbsp;</p>\r\n\r\n<p>&nbsp;</p>\r\n\r\n<p>ঢাবি প্রক্টর অধ্যাপক ড. একেএম গোলাম রাব্বানী যুগান্তরকে এ তথ্য নিশ্চিত করেছেন।</p>\r\n\r\n<p>প্রত্যক্ষদর্শী বিশ্ববিদ্যালয়ের কয়েকজন শিক্ষার্থী জানান, রাতে শহীদ মিনারের বাউন্ডারির দেয়ালে বসে মদ খাচ্ছিলেন এই তিনজন। &nbsp;বিষয়টি বিশ্ববিদ্যালয়ের কয়েকজন শিক্ষার্থীর নজরে এলে বিশ্ববিদ্যালয়ের প্রক্টরিয়াল টিমকে অবহিত করেন এবং থানায় খবর দেয়া হয়। &nbsp;পরে শাহবাগ থানা পুলিশ এসে বিশ্ববিদ্যালয়ের অনুমতিতে তাদেরকে আটক করে থানায় নিয়ে যায়।</p>\r\n', '993001_image-362069-1604660689.jpg', 51, 1, 1, 'প্রকাশ্যে_মদপান', '2020-11-07');

-- --------------------------------------------------------

--
-- Table structure for table `subscribtion_list`
--

CREATE TABLE `subscribtion_list` (
  `sub_id` int(11) NOT NULL,
  `sub_email` varchar(255) NOT NULL,
  `sub_date` date DEFAULT NULL
) ENGINE=InnoDB DEFAULT CHARSET=utf8mb4;

--
-- Dumping data for table `subscribtion_list`
--

INSERT INTO `subscribtion_list` (`sub_id`, `sub_email`, `sub_date`) VALUES
(5, 'abdulkarim@gmail.com', '2020-11-07'),
(6, 'jamaluddin@gmail.com', '2020-11-07'),
(7, 'nobelahmed@gmail.com', '2020-11-07'),
(8, 'rayhan@gmail.com', '2020-11-07');

-- --------------------------------------------------------

--
-- Table structure for table `users`
--

CREATE TABLE `users` (
  `id` int(11) NOT NULL,
  `name` varchar(255) NOT NULL,
  `email` varchar(255) NOT NULL,
  `password` varchar(255) NOT NULL,
  `address` varchar(255) NOT NULL,
  `phone` varchar(255) NOT NULL,
  `role` int(1) NOT NULL COMMENT '1-Admin, 2-Editor',
  `status` int(1) NOT NULL COMMENT '0-Inactive, 1-Active',
  `image` text DEFAULT NULL,
  `joindate` date NOT NULL
) ENGINE=InnoDB DEFAULT CHARSET=utf8mb4;

--
-- Dumping data for table `users`
--

INSERT INTO `users` (`id`, `name`, `email`, `password`, `address`, `phone`, `role`, `status`, `image`, `joindate`) VALUES
(1, 'Salauddin Shahria', 'salauddinshahria59@gmail.com', '8cb2237d0679ca88db6464eac60da96345513964', 'Sylhet, Bangladesh', '01748-846984', 1, 1, '984319_58793326_2438583166421076_1083022131635159040_n.jpg', '2020-09-12'),
(2, 'Buker Shohor Khali', 'bukershohorkhali@gmail.com', '8cb2237d0679ca88db6464eac60da96345513964', 'Sylhet', '01742-684059', 1, 1, '813778_48992783_1923854580996332_1227436412643573760_n.png', '2020-09-12'),
(3, 'Salauddin (Editor)', 'salauddin@gmail.com', '8cb2237d0679ca88db6464eac60da96345513964', 'Sylhet', '01748-846984', 2, 1, '284385_59728810_2441286696150723_9135114951457767424_n.jpg', '2020-09-25'),
(7, 'shahria', 'shahria@gmail.com', '8cb2237d0679ca88db6464eac60da96345513964', 'Sylhet', '1748846984', 2, 1, '858727_111 (4).jpg', '2020-10-03'),
(21, 'Mahi Uddin Kibriya', 'kibriya@gmail.com', '8cb2237d0679ca88db6464eac60da96345513964', 'Sylhet, Bangladesh', '01748957613', 2, 1, '403482_31870785_1844002502331144_1962992099439673344_o copy.png', '2020-11-05');

-- --------------------------------------------------------

--
-- Table structure for table `visitor`
--

CREATE TABLE `visitor` (
  `visitor_id` int(11) NOT NULL,
  `name` varchar(255) NOT NULL,
  `email` varchar(255) NOT NULL,
  `password` varchar(255) NOT NULL,
  `status` int(1) NOT NULL,
  `image` text NOT NULL,
  `join_date` date NOT NULL
) ENGINE=InnoDB DEFAULT CHARSET=utf8mb4;

--
-- Indexes for dumped tables
--

--
-- Indexes for table `category`
--
ALTER TABLE `category`
  ADD PRIMARY KEY (`cat_id`);

--
-- Indexes for table `comments`
--
ALTER TABLE `comments`
  ADD PRIMARY KEY (`cmt_id`);

--
-- Indexes for table `post`
--
ALTER TABLE `post`
  ADD PRIMARY KEY (`post_id`);

--
-- Indexes for table `subscribtion_list`
--
ALTER TABLE `subscribtion_list`
  ADD PRIMARY KEY (`sub_id`);

--
-- Indexes for table `users`
--
ALTER TABLE `users`
  ADD PRIMARY KEY (`id`);

--
-- Indexes for table `visitor`
--
ALTER TABLE `visitor`
  ADD PRIMARY KEY (`visitor_id`);

--
-- AUTO_INCREMENT for dumped tables
--

--
-- AUTO_INCREMENT for table `category`
--
ALTER TABLE `category`
  MODIFY `cat_id` int(11) NOT NULL AUTO_INCREMENT, AUTO_INCREMENT=64;

--
-- AUTO_INCREMENT for table `comments`
--
ALTER TABLE `comments`
  MODIFY `cmt_id` int(11) NOT NULL AUTO_INCREMENT, AUTO_INCREMENT=11;

--
-- AUTO_INCREMENT for table `post`
--
ALTER TABLE `post`
  MODIFY `post_id` int(11) NOT NULL AUTO_INCREMENT, AUTO_INCREMENT=60;

--
-- AUTO_INCREMENT for table `subscribtion_list`
--
ALTER TABLE `subscribtion_list`
  MODIFY `sub_id` int(11) NOT NULL AUTO_INCREMENT, AUTO_INCREMENT=9;

--
-- AUTO_INCREMENT for table `users`
--
ALTER TABLE `users`
  MODIFY `id` int(11) NOT NULL AUTO_INCREMENT, AUTO_INCREMENT=22;

--
-- AUTO_INCREMENT for table `visitor`
--
ALTER TABLE `visitor`
  MODIFY `visitor_id` int(11) NOT NULL AUTO_INCREMENT;
COMMIT;

/*!40101 SET CHARACTER_SET_CLIENT=@OLD_CHARACTER_SET_CLIENT */;
/*!40101 SET CHARACTER_SET_RESULTS=@OLD_CHARACTER_SET_RESULTS */;
/*!40101 SET COLLATION_CONNECTION=@OLD_COLLATION_CONNECTION */;
